Row #,Taxon Order,Category,Common Name,Scientific Name,Count,Location,S/P,Date,LocID,SubID,Exotic,Countable
1,8910,species,Great Horned Owl,Bubo virginianus,1,Fox River County Park,US-WI,21 Dec 2025,L1404678,S289638055,,1
2,575,species,Mottled Duck,Anas fulvigula,1,Bird Island,US-LA,18 Dec 2025,L933572,S289102281,,1
3,267,species,Snow Goose,Anser caerulescens,1,Bird Island,US-LA,18 Dec 2025,L933572,S289102281,,1
4,243,species,Black-bellied Whistling-Duck,Dendrocygna autumnalis,,Bird Island,US-LA,18 Dec 2025,L933572,S289102281,,1
5,33568,species,Eastern Meadowlark,Sturnella magna,1,Sankofa Wetland Park,US-LA,18 Dec 2025,L10843015,S289093400,,1
6,27329,species,Marsh Wren,Cistothorus palustris,1,Sankofa Wetland Park,US-LA,18 Dec 2025,L10843015,S289093400,,1
7,5671,species,Limpkin,Aramus guarauna,,Sankofa Wetland Park,US-LA,18 Dec 2025,L10843015,S289093400,,1
8,571,species,American Black Duck,Anas rubripes,3,Beverly-Triton Nature Park and Playground,US-MD,13 Dec 2025,L199316,S288438406,,1
9,12062,species,Merlin,Falco columbarius,1,"W257S5210 Wood Lilly Ln, Waukesha US-WI 42.95166, -88.26257",US-WI,30 Nov 2025,L28525845,S286853207,,1
10,770,species,Red-breasted Merganser,Mergus serrator,60,Chicago Harbor,US-IL,27 Nov 2025,L4152402,S286355796,,1
11,16949,species,Yellow-bellied Flycatcher,Empidonax flaviventris,1,Smithsonian Environmental Research Center,US-MD,12 Sep 2025,L337913,S272941489,,1
12,34079,species,Magnolia Warbler,Setophaga magnolia,1,Northway Fields Park,US-MD,06 Sep 2025,L741441,S271795497,,1
13,4802,species,Ruby-throated Hummingbird,Archilochus colubris,1,Greenbelt  Park,US-MD,05 Sep 2025,L621153,S271565270,,1
14,6154,species,Greater Yellowlegs,Tringa melanoleuca,1,Currituck Heritage Park,US-NC,31 Aug 2025,L449788,S270749561,,1
15,6789,species,Royal Tern,Thalasseus maximus,3,Currituck Banks National Estuarine Research Reserve,US-NC,31 Aug 2025,L674445,S270733155,,1
16,26932,species,Brown-headed Nuthatch,Sitta pusilla,2,Currituck Heritage Park,US-NC,31 Aug 2025,L449788,S270722460,,1
17,6161,species,Ruddy Turnstone,Arenaria interpres,1,Currituck Beach,US-NC,30 Aug 2025,L1797495,S270452389,,1
18,6562,species,Great Black-backed Gull,Larus marinus,3,Currituck Beach,US-NC,30 Aug 2025,L1797495,S270383472,,1
19,6748,species,Common Tern,Sterna hirundo,2,Currituck Beach,US-NC,29 Aug 2025,L1797495,S270231710,,1
20,6699,species,Least Tern,Sternula antillarum,2,Currituck Beach,US-NC,29 Aug 2025,L1797495,S270228438,,1
21,6731,species,Forster's Tern,Sterna forsteri,3,Currituck Beach,US-NC,29 Aug 2025,L1797495,S270135084,,1
22,6232,species,Semipalmated Sandpiper,Calidris pusilla,18,Currituck Beach,US-NC,29 Aug 2025,L1797495,S270135084,,1
23,6462,species,Bonaparte's Gull,Chroicocephalus philadelphia,5,Portage Park,US-WI,21 Aug 2025,L914607,S268646110,,1
24,32498,species,Red Crossbill,Loxia curvirostra,1,Dolly Sods Wilderness--Bear Rocks Preserve,US-WV,09 Aug 2025,L728887,S268276737,,1
25,11145,species,Red-headed Woodpecker,Melanerpes erythrocephalus,2,Wedding,US-MI,12 Jul 2025,L49655112,S259288573,,1
26,24081,species,Purple Martin,Progne subis,40,"Montrose Point Bird Sanctuary, Lincoln Park",US-IL,01 Jul 2025,L161180,S255948608,,1
27,24051,species,Bank Swallow,Riparia riparia,5,"Montrose Point Bird Sanctuary, Lincoln Park",US-IL,01 Jul 2025,L161180,S255948608,,1
28,19245,species,Eastern Warbling Vireo,Vireo gilvus,2,"Montrose Point Bird Sanctuary, Lincoln Park",US-IL,01 Jul 2025,L161180,S255948608,,1
29,6718,species,Caspian Tern,Hydroprogne caspia,7,"Montrose Point Bird Sanctuary, Lincoln Park",US-IL,01 Jul 2025,L161180,S255948608,,1
30,5836,species,Piping Plover,Charadrius melodus,3,"Montrose Point Bird Sanctuary, Lincoln Park",US-IL,01 Jul 2025,L161180,S255948608,,1
31,5811,species,Black-bellied Plover,Pluvialis squatarola,1,"Montrose Point Bird Sanctuary, Lincoln Park",US-IL,01 Jul 2025,L161180,S255948608,,1
32,1274,species,Wild Turkey,Meleagris gallopavo,1,Smithsonian Environmental Research Center,US-MD,20 Jun 2025,L337913,S257351801,,1
33,34557,species,Rose-breasted Grosbeak,Pheucticus ludovicianus,1,Bald Knob,US-VA,21 May 2025,L26689556,S241033405,,1
34,34133,species,Chestnut-sided Warbler,Setophaga pensylvanica,1,Bald Knob,US-VA,21 May 2025,L26689556,S241033405,,1
35,33002,species,Field Sparrow,Spizella pusilla,1,Bald Knob,US-VA,21 May 2025,L26689556,S241033405,,1
36,28313,species,Veery,Catharus fuscescens,1,Bald Knob,US-VA,21 May 2025,L26689556,S241033405,,1
37,1283,species,Ruffed Grouse,Bonasa umbellus,1,Bald Knob,US-VA,21 May 2025,L26689556,S241033405,,1
38,34084,species,Blackburnian Warbler,Setophaga fusca,2,Mountain Lake Biological Station,US-VA,21 May 2025,L2191341,S241038194,,1
39,34058,species,American Redstart,Setophaga ruticilla,2,Mountain Lake Biological Station,US-VA,21 May 2025,L2191341,S241038194,,1
40,16963,species,Least Flycatcher,Empidonax minimus,1,Mountain Lake Biological Station,US-VA,21 May 2025,L2191341,S241038194,,1
42,34138,species,Blackpoll Warbler,Setophaga striata,1,Smithsonian Environmental Research Center,US-MD,09 May 2025,L337913,S234931236,,1
43,34598,species,Blue Grosbeak,Passerina caerulea,1,Smithsonian Environmental Research Center,US-MD,07 May 2025,L337913,S234153263,,1
44,33770,species,Baltimore Oriole,Icterus galbula,1,Smithsonian Environmental Research Center,US-MD,07 May 2025,L337913,S234153263,,1
45,28037,species,Brown Thrasher,Toxostoma rufum,1,Smithsonian Environmental Research Center,US-MD,07 May 2025,L337913,S234153263,,1
46,16950,species,Acadian Flycatcher,Empidonax virescens,1,Greenbelt  Park,US-MD,07 May 2025,L621153,S234100691,,1
47,34171,species,Yellow-throated Warbler,Setophaga dominica,1,Smithsonian Environmental Research Center,US-MD,06 May 2025,L337913,S233762610,,1
48,28324,species,Swainson's Thrush,Catharus ustulatus,1,Greenbelt  Park,US-MD,05 May 2025,L621153,S233618131,,1
49,34436,species,Scarlet Tanager,Piranga olivacea,1,Smithsonian Environmental Research Center,US-MD,05 May 2025,L337913,S233558818,,1
50,28347,species,Wood Thrush,Hylocichla mustelina,1,Smithsonian Environmental Research Center,US-MD,05 May 2025,L337913,S233558818,,1
51,34607,species,Indigo Bunting,Passerina cyanea,1,Greenbelt  Park,US-MD,04 May 2025,L621153,S233185604,,1
52,34218,species,Black-throated Green Warbler,Setophaga virens,1,Greenbelt  Park,US-MD,04 May 2025,L621153,S233185604,,1
53,34141,species,Black-throated Blue Warbler,Setophaga caerulescens,1,Greenbelt  Park,US-MD,04 May 2025,L621153,S233185604,,1
54,29888,species,Cedar Waxwing,Bombycilla cedrorum,2,Greenbelt  Park,US-MD,04 May 2025,L621153,S233185604,,1
55,19226,species,Blue-headed Vireo,Vireo solitarius,1,Greenbelt  Park,US-MD,04 May 2025,L621153,S233185604,,1
56,17472,species,Eastern Kingbird,Tyrannus tyrannus,1,Greenbelt  Park,US-MD,04 May 2025,L621153,S233185604,,1
57,17334,species,Great Crested Flycatcher,Myiarchus crinitus,2,Greenbelt  Park,US-MD,04 May 2025,L621153,S233185604,,1
58,16924,species,Eastern Wood-Pewee,Contopus virens,1,Greenbelt  Park,US-MD,04 May 2025,L621153,S233185604,,1
59,3896,species,Chimney Swift,Chaetura pelagica,1,Greenbelt  Park,US-MD,04 May 2025,L621153,S233185604,,1
60,29909,species,Phainopepla,Phainopepla nitens,6,Desert Botanical Garden,US-AZ,03 May 2025,L210015,S232770765,,1
61,27412,species,Cactus Wren,Campylorhynchus brunneicapillus,2,Desert Botanical Garden,US-AZ,03 May 2025,L210015,S232770765,,1
62,34206,species,Townsend's Warbler,Setophaga townsendi,2,Riparian Preserve at Gilbert Water Ranch,US-AZ,03 May 2025,L144858,S232575349,,1
63,33344,species,Abert's Towhee,Melozone aberti,5,Riparian Preserve at Gilbert Water Ranch,US-AZ,03 May 2025,L144858,S232575349,,1
64,28024,species,Curve-billed Thrasher,Toxostoma curvirostre,4,Riparian Preserve at Gilbert Water Ranch,US-AZ,03 May 2025,L144858,S232575349,,1
65,16890,species,Olive-sided Flycatcher,Contopus cooperi,1,Riparian Preserve at Gilbert Water Ranch,US-AZ,03 May 2025,L144858,S232575349,,1
66,11412,species,Ladder-backed Woodpecker,Dryobates scalaris,1,Riparian Preserve at Gilbert Water Ranch,US-AZ,03 May 2025,L144858,S232575349,,1
67,7704,species,Green Heron,Butorides virescens,4,Riparian Preserve at Gilbert Water Ranch,US-AZ,03 May 2025,L144858,S232575349,,1
68,7600,species,Black-crowned Night Heron,Nycticorax nycticorax,1,Riparian Preserve at Gilbert Water Ranch,US-AZ,03 May 2025,L144858,S232575349,,1
69,7565,species,Least Bittern,Botaurus exilis,1,Riparian Preserve at Gilbert Water Ranch,US-AZ,03 May 2025,L144858,S232575349,,1
70,7468,species,White-faced Ibis,Plegadis chihi,27,Riparian Preserve at Gilbert Water Ranch,US-AZ,03 May 2025,L144858,S232575349,,1
71,5780,species,American Avocet,Recurvirostra americana,8,Riparian Preserve at Gilbert Water Ranch,US-AZ,03 May 2025,L144858,S232575349,,1
72,4803,species,Black-chinned Hummingbird,Archilochus alexandri,5,Riparian Preserve at Gilbert Water Ranch,US-AZ,03 May 2025,L144858,S232575349,,1
73,1105,species,Gambel's Quail,Callipepla gambelii,8,Riparian Preserve at Gilbert Water Ranch,US-AZ,03 May 2025,L144858,S232575349,,1
74,517,species,American Wigeon,Mareca americana,18,Riparian Preserve at Gilbert Water Ranch,US-AZ,03 May 2025,L144858,S232575349,,1
75,487,species,Cinnamon Teal,Spatula cyanoptera,9,Riparian Preserve at Gilbert Water Ranch,US-AZ,03 May 2025,L144858,S232575349,,1
76,34346,species,Wilson's Warbler,Cardellina pusilla,2,Scottsdale Community College,US-AZ,02 May 2025,L387263,S232246492,,1
77,11176,species,Gila Woodpecker,Melanerpes uropygialis,1,Scottsdale Community College,US-AZ,02 May 2025,L387263,S232246492,,1
78,9133,species,Burrowing Owl,Athene cunicularia,1,Scottsdale Community College,US-AZ,02 May 2025,L387263,S232246492,,1
79,3484,species,Lesser Nighthawk,Chordeiles acutipennis,1,Scottsdale Community College,US-AZ,02 May 2025,L387263,S232246492,,1
80,2389,species,White-winged Dove,Zenaida asiatica,54,Scottsdale Community College,US-AZ,02 May 2025,L387263,S232246492,,1
81,34559,species,Black-headed Grosbeak,Pheucticus melanocephalus,6,Oak Creek Canyon--West Fork,US-AZ,02 May 2025,L753821,S232246520,,1
82,34357,species,Painted Redstart,Myioborus pictus,1,Oak Creek Canyon--West Fork,US-AZ,02 May 2025,L753821,S232246520,,1
83,34350,species,Red-faced Warbler,Cardellina rubrifrons,2,Oak Creek Canyon--West Fork,US-AZ,02 May 2025,L753821,S232246520,,1
84,33736,species,Bullock's Oriole,Icterus bullockii,2,Oak Creek Canyon--West Fork,US-AZ,02 May 2025,L753821,S232246520,,1
85,27191,species,Northern House Wren,Troglodytes aedon,1,Oak Creek Canyon--West Fork,US-AZ,02 May 2025,L753821,S232246520,,1
86,22145,species,Bridled Titmouse,Baeolophus wollweberi,3,Oak Creek Canyon--West Fork,US-AZ,02 May 2025,L753821,S232246520,,1
87,19247,species,Western Warbling Vireo,Vireo swainsoni,3,Oak Creek Canyon--West Fork,US-AZ,02 May 2025,L753821,S232246520,,1
88,17335,species,Brown-crested Flycatcher,Myiarchus tyrannulus,2,Oak Creek Canyon--West Fork,US-AZ,02 May 2025,L753821,S232246520,,1
89,12114,species,Peregrine Falcon,Falco peregrinus,2,Oak Creek Canyon--West Fork,US-AZ,02 May 2025,L753821,S232246520,,1
90,17467,species,Western Kingbird,Tyrannus verticalis,1,Sunset Crater NM,US-AZ,02 May 2025,L344596,S232031403,,1
91,16965,species,Gray Flycatcher,Empidonax wrightii,1,Sunset Crater NM,US-AZ,02 May 2025,L344596,S232031403,,1
92,11142,species,Lewis's Woodpecker,Melanerpes lewis,1,Sunset Crater NM,US-AZ,02 May 2025,L344596,S232031403,,1
93,34194,species,Grace's Warbler,Setophaga graciae,4,Ashurst Lake,US-AZ,01 May 2025,L264669,S231824543,,1
94,33973,species,Orange-crowned Warbler,Leiothlypis celata,2,Ashurst Lake,US-AZ,01 May 2025,L264669,S231824543,,1
95,33565,species,Western Meadowlark,Sturnella neglecta,1,Ashurst Lake,US-AZ,01 May 2025,L264669,S231824543,,1
96,33244,species,Savannah Sparrow,Passerculus sandwichensis,4,Ashurst Lake,US-AZ,01 May 2025,L264669,S231824543,,1
97,33217,species,Vesper Sparrow,Pooecetes gramineus,4,Ashurst Lake,US-AZ,01 May 2025,L264669,S231824543,,1
98,28144,species,Mountain Bluebird,Sialia currucoides,6,Ashurst Lake,US-AZ,01 May 2025,L264669,S231824543,,1
99,8324,species,Northern Harrier,Circus hudsonius,1,Ashurst Lake,US-AZ,01 May 2025,L264669,S231824543,,1
100,6494,species,Franklin's Gull,Leucophaeus pipixcan,10,Ashurst Lake,US-AZ,01 May 2025,L264669,S231824543,,1
101,6226,species,Least Sandpiper,Calidris minutilla,1,Ashurst Lake,US-AZ,01 May 2025,L264669,S231824543,,1
102,6119,species,Wilson's Phalarope,Phalaropus tricolor,3,Ashurst Lake,US-AZ,01 May 2025,L264669,S231824543,,1
103,6061,species,Long-billed Dowitcher,Limnodromus scolopaceus,8,Ashurst Lake,US-AZ,01 May 2025,L264669,S231824543,,1
104,612,species,Green-winged Teal,Anas crecca,4,Ashurst Lake,US-AZ,01 May 2025,L264669,S231824543,,1
105,34439,species,Western Tanager,Piranga ludoviciana,1,"Snowflake Dr, Flagstaff US",US-AZ,01 May 2025,L43832048,S231687233,,1
106,19231,species,Plumbeous Vireo,Vireo plumbeus,3,"Snowflake Dr, Flagstaff US",US-AZ,01 May 2025,L43832048,S231687233,,1
107,33385,species,Green-tailed Towhee,Pipilo chlorurus,1,Rio de Flag--Picture Canyon,US-AZ,01 May 2025,L691579,S231621139,,1
108,26844,species,Ruby-crowned Kinglet,Corthylio calendula,2,Rio de Flag--Picture Canyon,US-AZ,01 May 2025,L691579,S231621139,,1
109,17461,species,Cassin's Kingbird,Tyrannus vociferans,1,Rio de Flag--Picture Canyon,US-AZ,01 May 2025,L691579,S231621139,,1
110,16998,species,Black Phoebe,Sayornis nigricans,2,Rio de Flag--Picture Canyon,US-AZ,01 May 2025,L691579,S231621139,,1
111,11146,species,Acorn Woodpecker,Melanerpes formicivorus,7,Rio de Flag--Picture Canyon,US-AZ,01 May 2025,L691579,S231621139,,1
112,6129,species,Solitary Sandpiper,Tringa solitaria,1,Rio de Flag--Picture Canyon,US-AZ,01 May 2025,L691579,S231621139,,1
113,5455,species,Sora,Porzana carolina,1,Rio de Flag--Picture Canyon,US-AZ,01 May 2025,L691579,S231621139,,1
114,33029,species,Lark Sparrow,Chondestes grammacus,2,"Snowflake Dr, Flagstaff US",US-AZ,01 May 2025,L43832048,S231584716,,1
115,26924,species,Pygmy Nuthatch,Sitta pygmaea,2,"Snowflake Dr, Flagstaff US",US-AZ,01 May 2025,L43832048,S231584716,,1
116,32310,species,House Finch,Haemorhous mexicanus,4,NAU Campus,US-AZ,30 Apr 2025,L849999,S231413238,,1
117,12028,species,American Kestrel,Falco sparverius,1,NAU Campus,US-AZ,30 Apr 2025,L849999,S231413238,,1
118,21274,species,Steller's Jay,Cyanocitta stelleri,1,Kendrick Park Watchable Wildlife Trail,US-AZ,30 Apr 2025,L2351333,S231224790,,1
119,4839,species,Broad-tailed Hummingbird,Selasphorus platycercus,1,Grand Canyon NP--Bright Angel Trailhead,US-AZ,29 Apr 2025,L13077106,S231016842,,1
120,33386,species,Spotted Towhee,Pipilo maculatus,1,Grand Canyon NP--Bright Angel Trailhead,US-AZ,29 Apr 2025,L13077106,S230954306,,1
121,22155,species,Juniper Titmouse,Baeolophus ridgwayi,2,Grand Canyon NP--Pima Point,US-AZ,28 Apr 2025,L2343920,S231039543,,1
122,17323,species,Ash-throated Flycatcher,Myiarchus cinerascens,1,Grand Canyon NP--Pima Point,US-AZ,28 Apr 2025,L2343920,S231039543,,1
123,28136,species,Western Bluebird,Sialia mexicana,2,Grand Canyon NP--Duck on a Rock Viewpoint,US-AZ,28 Apr 2025,L9961162,S231017024,,1
124,24074,species,Violet-green Swallow,Tachycineta thalassina,2,Grand Canyon NP--Duck on a Rock Viewpoint,US-AZ,28 Apr 2025,L9961162,S231017024,,1
125,34200,species,Black-throated Gray Warbler,Setophaga nigrescens,1,Grand Canyon NP--South Kaibab Trailhead,US-AZ,28 Apr 2025,L13951519,S230536116,,1
126,33986,species,Virginia's Warbler,Leiothlypis virginiae,1,Grand Canyon NP--South Kaibab Trailhead,US-AZ,28 Apr 2025,L13951519,S230536116,,1
127,32998,species,Black-chinned Sparrow,Spizella atrogularis,4,Grand Canyon NP--South Kaibab Trailhead,US-AZ,28 Apr 2025,L13951519,S230536116,,1
128,27150,species,Rock Wren,Salpinctes obsoletus,1,Grand Canyon NP--South Kaibab Trailhead,US-AZ,28 Apr 2025,L13951519,S230536116,,1
129,33851,species,Brewer's Blackbird,Euphagus cyanocephalus,3,Grand Canyon NP--Mather Point,US-AZ,28 Apr 2025,L586552,S230440892,,1
130,25253,species,Bushtit,Psaltriparus minimus,3,Grand Canyon NP--Mather Point,US-AZ,28 Apr 2025,L586552,S230440892,,1
131,22077,species,Mountain Chickadee,Poecile gambeli,3,Grand Canyon NP--Mather Point,US-AZ,28 Apr 2025,L586552,S230440892,,1
132,21309,species,Woodhouse's Scrub-Jay,Aphelocoma woodhouseii,2,Grand Canyon NP--Mather Point,US-AZ,28 Apr 2025,L586552,S230440892,,1
133,33007,species,Brewer's Sparrow,Spizella breweri,6,Red Rock Canyon--Visitor Center area,US-NV,27 Apr 2025,L21841774,S230242215,,1
134,21624,species,Common Raven,Corvus corax,1,Red Rock Canyon--Visitor Center area,US-NV,27 Apr 2025,L21841774,S230242215,,1
135,4814,species,Anna's Hummingbird,Calypte anna,1,Red Rock Canyon--Visitor Center area,US-NV,27 Apr 2025,L21841774,S230242215,,1
136,34087,species,Northern Yellow Warbler,Setophaga aestiva,1,Lake Mead NRA--Willow Beach (NV),US-NV,26 Apr 2025,L616817,S229766255,,1
137,33980,species,Lucy's Warbler,Leiothlypis luciae,2,Lake Mead NRA--Willow Beach (NV),US-NV,26 Apr 2025,L616817,S229766255,,1
138,24281,species,Cliff Swallow,Petrochelidon pyrrhonota,14,Lake Mead NRA--Willow Beach (NV),US-NV,26 Apr 2025,L616817,S229766255,,1
139,24187,species,Barn Swallow,Hirundo rustica,4,Lake Mead NRA--Willow Beach (NV),US-NV,26 Apr 2025,L616817,S229766255,,1
140,24106,species,Northern Rough-winged Swallow,Stelgidopteryx serripennis,17,Lake Mead NRA--Willow Beach (NV),US-NV,26 Apr 2025,L616817,S229766255,,1
141,22269,species,Verdin,Auriparus flaviceps,4,Lake Mead NRA--Willow Beach (NV),US-NV,26 Apr 2025,L616817,S229766255,,1
142,17010,species,Say's Phoebe,Sayornis saya,1,Lake Mead NRA--Willow Beach (NV),US-NV,26 Apr 2025,L616817,S229766255,,1
143,6933,species,Common Loon,Gavia immer,1,Lake Mead NRA--Willow Beach (NV),US-NV,26 Apr 2025,L616817,S229766255,,1
144,6888,species,Western Grebe,Aechmophorus occidentalis,2,Lake Mead NRA--Willow Beach (NV),US-NV,26 Apr 2025,L616817,S229766255,,1
145,6876,species,Eared Grebe,Podiceps nigricollis,6,Lake Mead NRA--Willow Beach (NV),US-NV,26 Apr 2025,L616817,S229766255,,1
146,4818,species,Costa's Hummingbird,Calypte costae,4,Lake Mead NRA--Willow Beach (NV),US-NV,26 Apr 2025,L616817,S229766255,,1
147,4158,species,White-throated Swift,Aeronautes saxatalis,6,Lake Mead NRA--Willow Beach (NV),US-NV,26 Apr 2025,L616817,S229766255,,1
148,743,species,Common Goldeneye,Bucephala clangula,4,Lake Mead NRA--Willow Beach (NV),US-NV,26 Apr 2025,L616817,S229766255,,1
149,33187,species,White-crowned Sparrow,Zonotrichia leucophrys,1,The Las Vegas Strip,US-NV,25 Apr 2025,L3932258,S229354722,,1
150,33018,species,Black-throated Sparrow,Amphispiza bilineata,1,The Las Vegas Strip,US-NV,25 Apr 2025,L3932258,S229354722,,1
151,34057,species,Hooded Warbler,Setophaga citrina,2,Smithsonian Environmental Research Center,US-MD,23 Apr 2025,L337913,S228544656,,1
152,34028,species,Common Yellowthroat,Geothlypis trichas,2,Smithsonian Environmental Research Center,US-MD,23 Apr 2025,L337913,S228544656,,1
153,33946,species,Ovenbird,Seiurus aurocapilla,3,Smithsonian Environmental Research Center,US-MD,23 Apr 2025,L337913,S228544656,,1
154,19267,species,Red-eyed Vireo,Vireo olivaceus,2,Smithsonian Environmental Research Center,US-MD,23 Apr 2025,L337913,S228544656,,1
155,34063,species,Northern Parula,Setophaga americana,1,Greenbelt  Park,US-MD,21 Apr 2025,L621153,S227992323,,1
156,32990,species,Chipping Sparrow,Spizella passerina,1,Greenbelt  Park,US-MD,21 Apr 2025,L621153,S227992323,,1
157,32617,species,American Goldfinch,Spinus tristis,1,Greenbelt  Park,US-MD,21 Apr 2025,L621153,S227992323,,1
158,34153,species,Pine Warbler,Setophaga pinus,1,Greenbelt  Park,US-MD,07 Apr 2025,L621153,S223742249,,1
159,27123,species,Blue-gray Gnatcatcher,Polioptila caerulea,1,Greenbelt  Park,US-MD,07 Apr 2025,L621153,S223742249,,1
160,17007,species,Eastern Phoebe,Sayornis phoebe,1,Greenbelt  Park,US-MD,07 Apr 2025,L621153,S223742249,,1
161,455,species,Wood Duck,Aix sponsa,1,Lake Artemesia,US-MD,06 Apr 2025,L265951,S223511875,,1
162,24064,species,Tree Swallow,Tachycineta bicolor,2,Lake Artemesia,US-MD,30 Mar 2025,L265951,S223742521,,1
163,505,species,Gadwall,Mareca strepera,,Constitution Gardens and Reflecting Pool,US-DC,22 Mar 2025,L473521,S220038335,,1
164,33415,species,Eastern Towhee,Pipilo erythrophthalmus,1,Blacksburg Municipal Park,US-VA,05 Mar 2025,L3338891,S216784895,,1
165,6231,species,Western Sandpiper,Calidris mauri,,Costa del Este--Mirador Paseo del Mar,PA-8,02 Mar 2025,L21273657,S216199267,,1
166,6147,species,Willet,Tringa semipalmata,,Costa del Este--Mirador Paseo del Mar,PA-8,02 Mar 2025,L21273657,S216199267,,1
167,6051,species,Marbled Godwit,Limosa fedoa,,Costa del Este--Mirador Paseo del Mar,PA-8,02 Mar 2025,L21273657,S216199267,,1
168,5770,species,Black-necked Stilt,Himantopus mexicanus,,Costa del Este--Mirador Paseo del Mar,PA-8,02 Mar 2025,L21273657,S216199267,,1
169,485,species,Blue-winged Teal,Spatula discors,,Costa del Este--Mirador Paseo del Mar,PA-8,02 Mar 2025,L21273657,S216199267,,1
170,17494,species,Fork-tailed Flycatcher,Tyrannus savana,1,Ciudad del Saber--Parque,PA-8,01 Mar 2025,L8407527,S216061825,,1
171,10312,species,Amazon Kingfisher,Chloroceryle amazona,1,Ciudad del Saber--Parque,PA-8,01 Mar 2025,L8407527,S216061825,,1
172,5896,species,Southern Lapwing,Vanellus chilensis,4,Ciudad del Saber--Parque,PA-8,01 Mar 2025,L8407527,S216061825,,1
173,7630,species,Tricolored Heron,Egretta tricolor,1,Casco Viejo,PA-8,01 Mar 2025,L1444039,S216029450,,1
174,33953,species,Northern Waterthrush,Parkesia noveboracensis,1,Circuito de Senderos El Guardaparque,PA-8,01 Mar 2025,L15936830,S216000891,,1
175,32609,species,Lesser Goldfinch,Spinus psaltria,1,Circuito de Senderos El Guardaparque,PA-8,01 Mar 2025,L15936830,S216000891,,1
176,27633,species,Song Wren,Cyphorhinus phaeocephalus,2,Circuito de Senderos El Guardaparque,PA-8,01 Mar 2025,L15936830,S216000891,,1
177,27594,species,White-breasted Wood-Wren,Henicorhina leucosticta,1,Circuito de Senderos El Guardaparque,PA-8,01 Mar 2025,L15936830,S216000891,,1
178,17440,species,Piratic Flycatcher,Legatus leucophaius,3,Circuito de Senderos El Guardaparque,PA-8,01 Mar 2025,L15936830,S216000891,,1
179,17387,species,Rusty-margined Flycatcher,Myiozetetes cayanensis,2,Circuito de Senderos El Guardaparque,PA-8,01 Mar 2025,L15936830,S216000891,,1
180,10313,species,American Pygmy Kingfisher,Chloroceryle aenea,1,Circuito de Senderos El Guardaparque,PA-8,01 Mar 2025,L15936830,S216000891,,1
181,9543,species,Gartered Violaceous Trogon,Trogon caligatus,1,Circuito de Senderos El Guardaparque,PA-8,01 Mar 2025,L15936830,S216000891,,1
182,7537,species,Rufescent Tiger-Heron,Tigrisoma lineatum,1,Circuito de Senderos El Guardaparque,PA-8,01 Mar 2025,L15936830,S216000891,,1
183,7306,species,Wood Stork,Mycteria americana,1,Circuito de Senderos El Guardaparque,PA-8,01 Mar 2025,L15936830,S216000891,,1
184,5989,species,Wattled Jacana,Jacana jacana,5,Circuito de Senderos El Guardaparque,PA-8,01 Mar 2025,L15936830,S216000891,,1
185,5515,species,Purple Gallinule,Porphyrio martinica,1,Circuito de Senderos El Guardaparque,PA-8,01 Mar 2025,L15936830,S216000891,,1
186,5928,species,Wilson's Plover,Anarhynchus wilsonia,1,Casco Viejo,PA-8,28 Feb 2025,L1444039,S215914619,,1
187,5834,species,Semipalmated Plover,Charadrius semipalmatus,150,Casco Viejo,PA-8,28 Feb 2025,L1444039,S215914619,,1
188,34432,species,Summer Tanager,Piranga rubra,1,Barro Colorado Island--Donato Trail,PA-8,28 Feb 2025,L7998671,S215846871,,1
189,33962,species,Black-and-white Warbler,Mniotilta varia,1,Barro Colorado Island--Donato Trail,PA-8,28 Feb 2025,L7998671,S215846871,,1
190,17284,species,Dusky-capped Flycatcher,Myiarchus tuberculifer,1,Barro Colorado Island--Donato Trail,PA-8,28 Feb 2025,L7998671,S215846871,,1
191,9883,species,Rufous Motmot,Baryphthengus martii,1,Barro Colorado Island--Donato Trail,PA-8,28 Feb 2025,L7998671,S215846871,,1
192,5205,species,Violet-bellied Hummingbird,Chlorestes julie,1,Barro Colorado Island--Donato Trail,PA-8,28 Feb 2025,L7998671,S215846871,,1
193,884,species,Crested Guan,Penelope purpurascens,3,Barro Colorado Island--Donato Trail,PA-8,28 Feb 2025,L7998671,S215846871,,1
194,12960,species,Mealy Amazon,Amazona farinosa,2,Muelle BCI,PA-8,28 Feb 2025,L7867085,S215812717,,1
195,8403,species,Snail Kite,Rostrhamus sociabilis,1,Muelle BCI,PA-8,28 Feb 2025,L7867085,S215812717,,1
196,1999,species,Short-billed Pigeon,Patagioenas nigrirostris,1,Muelle BCI,PA-8,28 Feb 2025,L7867085,S215812717,,1
197,24116,species,Southern Rough-winged Swallow,Stelgidopteryx ruficollis,10,Gamboa--Muelle STRI,PA-3,28 Feb 2025,L5250432,S215807429,,1
198,27538,species,Isthmian Wren,Cantorchilus elutus,1,Centro de Exhibiciones Marinas Punta Culebra,PA-8,27 Feb 2025,L2586345,S215748356,,1
199,11966,species,Yellow-headed Caracara,Daptrius chimachima,1,Centro de Exhibiciones Marinas Punta Culebra,PA-8,27 Feb 2025,L2586345,S215748356,,1
200,5152,species,Sapphire-throated Hummingbird,Chrysuronia coeruleogularis,2,Centro de Exhibiciones Marinas Punta Culebra,PA-8,27 Feb 2025,L2586345,S215748356,,1
201,24070,species,Mangrove Swallow,Tachycineta albilinea,1,Centro de Exhibiciones Marinas Punta Culebra,PA-8,27 Feb 2025,L2586345,S215668833,,1
202,12909,species,Red-lored Amazon,Amazona autumnalis,1,Biomuseo,PA-8,27 Feb 2025,L2251858,S215655930,,1
203,10936,species,Keel-billed Toucan,Ramphastos sulfuratus,2,Biomuseo,PA-8,27 Feb 2025,L2251858,S215655930,,1
204,35477,species,Saffron Finch,Sicalis flaveola,3,Amador,PA-8,26 Feb 2025,L939221,S215509216,N,1
205,33679,species,Orchard Oriole,Icterus spurius,1,Amador,PA-8,26 Feb 2025,L939221,S215509216,,1
206,19287,species,Yellow-green Vireo,Vireo flavoviridis,1,Amador,PA-8,26 Feb 2025,L939221,S215509216,,1
207,12933,species,Yellow-crowned Amazon,Amazona ochrocephala,2,Amador,PA-8,26 Feb 2025,L939221,S215509216,,1
208,27209,species,Southern House Wren,Troglodytes musculus,1,Amador Country Inn grounds,PA-8,26 Feb 2025,L1564231,S215501102,,1
209,17392,species,Social Flycatcher,Myiozetetes similis,3,Amador Country Inn grounds,PA-8,26 Feb 2025,L1564231,S215501102,,1
210,16698,species,Yellow-bellied Elaenia,Elaenia flavogaster,2,Amador Country Inn grounds,PA-8,26 Feb 2025,L1564231,S215501102,,1
211,13491,species,Barred Antshrike,Thamnophilus doliatus,1,Amador Country Inn grounds,PA-8,26 Feb 2025,L1564231,S215501102,,1
212,6189,species,Sanderling,Calidris alba,2,Amador Country Inn grounds,PA-8,26 Feb 2025,L1564231,S215501102,,1
213,6126,species,Spotted Sandpiper,Actitis macularius,2,Amador Country Inn grounds,PA-8,26 Feb 2025,L1564231,S215501102,,1
214,6011,species,Hudsonian Whimbrel,Numenius hudsonicus,1,Amador Country Inn grounds,PA-8,26 Feb 2025,L1564231,S215501102,,1
215,2325,species,White-tipped Dove,Leptotila verreauxi,3,Amador Country Inn grounds,PA-8,26 Feb 2025,L1564231,S215501102,,1
216,28101,species,Tropical Mockingbird,Mimus gilvus,2,Amador Country Inn grounds,PA-8,25 Feb 2025,L1564231,S215422391,N,1
217,6775,species,Sandwich Tern,Thalasseus sandvicensis,5,Amador Country Inn grounds,PA-8,25 Feb 2025,L1564231,S215422391,,1
218,34933,species,Blue-gray Tanager,Thraupis episcopus,1,Biomuseo,PA-8,25 Feb 2025,L2251858,S215401157,,1
220,4913,species,Garden Emerald,Chlorostilbon assimilis,1,Biomuseo,PA-8,25 Feb 2025,L2251858,S215401157,,1
221,2268,species,Ruddy Ground Dove,Columbina talpacoti,2,Biomuseo,PA-8,25 Feb 2025,L2251858,S215401157,,1
222,34957,species,Palm Tanager,Thraupis palmarum,1,Parque Natural Metropolitano--Centro de Visitantes,PA-8,25 Feb 2025,L3702668,S215387318,,1
223,32018,species,Yellow-crowned Euphonia,Euphonia luteicapilla,1,Parque Natural Metropolitano--Centro de Visitantes,PA-8,25 Feb 2025,L3702668,S215387318,,1
224,17379,species,Boat-billed Flycatcher,Megarynchus pitangua,1,Parque Natural Metropolitano--Centro de Visitantes,PA-8,25 Feb 2025,L3702668,S215387318,,1
225,27523,species,Rufous-and-white Wren,Thryophilus rufalbus,1,Parque Natural Metropolitano,PA-8,25 Feb 2025,L454708,S215380898,,1
226,16653,species,Yellow-crowned Tyrannulet,Tyrannulus elatus,1,Parque Natural Metropolitano,PA-8,25 Feb 2025,L454708,S215380898,,1
227,14821,species,Cocoa Woodcreeper,Xiphorhynchus susurrans,2,Parque Natural Metropolitano,PA-8,25 Feb 2025,L454708,S215380898,,1
228,9891,species,Broad-billed Motmot,Electron platyrhynchum,1,Parque Natural Metropolitano,PA-8,25 Feb 2025,L454708,S215380898,,1
229,9522,species,Slaty-tailed Trogon,Trogon massena,1,Parque Natural Metropolitano,PA-8,25 Feb 2025,L454708,S215380898,,1
230,3218,species,Common Squirrel-Cuckoo,Piaya cayana,1,Parque Natural Metropolitano,PA-8,25 Feb 2025,L454708,S215380898,,1
231,34761,species,White-shouldered Tanager,Loriotus luctuosus,4,Parque Natural Metropolitano--Centro de Visitantes,PA-8,25 Feb 2025,L3702668,S215364708,,1
232,34740,species,Gray-headed Tanager,Eucometis penicillata,1,Parque Natural Metropolitano--Centro de Visitantes,PA-8,25 Feb 2025,L3702668,S215364708,,1
233,34480,species,Red-throated Ant-Tanager,Driophlox fuscicauda,1,Parque Natural Metropolitano--Centro de Visitantes,PA-8,25 Feb 2025,L3702668,S215364708,,1
234,27483,species,Rufous-breasted Wren,Pheugopedius rutilus,1,Parque Natural Metropolitano--Centro de Visitantes,PA-8,25 Feb 2025,L3702668,S215364708,,1
235,19136,species,Lesser Greenlet,Pachysylvia decurtata,1,Parque Natural Metropolitano--Centro de Visitantes,PA-8,25 Feb 2025,L3702668,S215364708,,1
236,13906,species,Dusky Antbird,Cercomacroides tyrannina,1,Parque Natural Metropolitano--Centro de Visitantes,PA-8,25 Feb 2025,L3702668,S215364708,,1
237,13445,species,Fasciated Antshrike,Cymbilaimus lineatus,1,Parque Natural Metropolitano--Centro de Visitantes,PA-8,25 Feb 2025,L3702668,S215364708,,1
238,12836,species,Orange-chinned Parakeet,Brotogeris jugularis,2,Parque Natural Metropolitano--Centro de Visitantes,PA-8,25 Feb 2025,L3702668,S215364708,,1
239,10377,species,White-necked Puffbird,Notharchus hyperrhynchus,1,Parque Natural Metropolitano--Centro de Visitantes,PA-8,25 Feb 2025,L3702668,S215364708,,1
240,5111,species,Rufous-tailed Hummingbird,Amazilia tzacatl,1,Parque Natural Metropolitano--Centro de Visitantes,PA-8,25 Feb 2025,L3702668,S215364708,,1
241,954,species,Gray-headed Chachalaca,Ortalis cinereiceps,2,Parque Natural Metropolitano--Centro de Visitantes,PA-8,25 Feb 2025,L3702668,S215364708,,1
242,34820,species,Crimson-backed Tanager,Ramphocelus dimidiatus,1,Amador Country Inn grounds,PA-8,25 Feb 2025,L1564231,S215341938,,1
243,28767,species,Clay-colored Thrush,Turdus grayi,1,Amador Country Inn grounds,PA-8,25 Feb 2025,L1564231,S215341938,,1
244,17452,species,Tropical Kingbird,Tyrannus melancholicus,1,Amador Country Inn grounds,PA-8,25 Feb 2025,L1564231,S215341938,,1
245,17368,species,Great Kiskadee,Pitangus sulphuratus,1,Amador Country Inn grounds,PA-8,25 Feb 2025,L1564231,S215341938,,1
246,16429,species,Common Tody-Flycatcher,Todirostrum cinereum,1,Amador Country Inn grounds,PA-8,25 Feb 2025,L1564231,S215341938,,1
247,11171,species,Red-crowned Woodpecker,Melanerpes rubricapillus,1,Amador Country Inn grounds,PA-8,25 Feb 2025,L1564231,S215341938,,1
248,7431,species,Neotropic Cormorant,Nannopterum brasilianum,1,Amador Country Inn grounds,PA-8,25 Feb 2025,L1564231,S215341938,,1
249,7315,species,Magnificent Frigatebird,Fregata magnificens,2,Amador Country Inn grounds,PA-8,25 Feb 2025,L1564231,S215341938,,1
250,1940,species,Pale-vented Pigeon,Patagioenas cayennensis,1,Amador Country Inn grounds,PA-8,25 Feb 2025,L1564231,S215341938,,1
251,33864,species,Great-tailed Grackle,Quiscalus mexicanus,4,Amador Country Inn grounds,PA-8,25 Feb 2025,L1564231,S215336658,,1
252,24093,species,Gray-breasted Martin,Progne chalybea,1,Amador Country Inn grounds,PA-8,25 Feb 2025,L1564231,S215336658,,1
253,33858,species,Boat-tailed Grackle,Quiscalus major,2,Crescent Lake Park,US-FL,23 Feb 2025,L676978,S215099761,,1
254,33779,species,Red-winged Blackbird,Agelaius phoeniceus,1,Crescent Lake Park,US-FL,23 Feb 2025,L676978,S215099761,,1
255,13128,species,Nanday Parakeet,Aratinga nenday,3,Crescent Lake Park,US-FL,23 Feb 2025,L676978,S215099761,N,1
256,7791,species,American White Pelican,Pelecanus erythrorhynchos,25,Crescent Lake Park,US-FL,23 Feb 2025,L676978,S215099761,,1
257,7724,species,Western Cattle-Egret,Ardea ibis,2,Crescent Lake Park,US-FL,23 Feb 2025,L676978,S215099761,,1
258,7629,species,Little Blue Heron,Egretta caerulea,1,Crescent Lake Park,US-FL,23 Feb 2025,L676978,S215099761,,1
259,5468,species,Common Gallinule,Gallinula galeata,2,Crescent Lake Park,US-FL,23 Feb 2025,L676978,S215099761,,1
261,7462,species,White Ibis,Eudocimus albus,1,Three Sisters Springs,US-FL,22 Feb 2025,L4150522,S214879542,,1
262,28000,species,Gray Catbird,Dumetella carolinensis,1,Hunter Springs Park,US-FL,22 Feb 2025,L787116,S214872356,,1
263,7367,species,Anhinga,Anhinga anhinga,1,Hunter Springs Park,US-FL,22 Feb 2025,L787116,S214872356,,1
264,7591,species,Yellow-crowned Night Heron,Nyctanassa violacea,1,Three Sisters Springs,US-FL,22 Feb 2025,L4150522,S214863962,,1
265,1853,species,Rock Pigeon,Columba livia,8,Three Sisters Springs,US-FL,22 Feb 2025,L4150522,S214863962,N,1
266,34159,species,Yellow-rumped Warbler,Setophaga coronata,1,King's Bay,US-FL,22 Feb 2025,L620739,S214854755,,1
267,7792,species,Brown Pelican,Pelecanus occidentalis,5,King's Bay,US-FL,22 Feb 2025,L620739,S214854755,,1
268,6490,species,Laughing Gull,Leucophaeus atricilla,,King's Bay,US-FL,22 Feb 2025,L620739,S214854755,,1
269,8487,species,Red-shouldered Hawk,Buteo lineatus,2,Three Sisters Springs,US-FL,22 Feb 2025,L4150522,S214843709,,1
270,7832,species,Osprey,Pandion haliaetus,1,Three Sisters Springs,US-FL,22 Feb 2025,L4150522,S214843709,,1
271,5697,species,Sandhill Crane,Antigone canadensis,3,Jay B. Starkey Wilderness Preserve--Serenova Tract,US-FL,22 Feb 2025,L972615,S214826075,,1
272,7729,species,Great Egret,Ardea alba,1,S. Branch Blvd Trail,US-FL,22 Feb 2025,L22813499,S214825567,,1
273,445,species,Muscovy Duck,Cairina moschata,1,Upper Tampa Bay Trail,US-FL,22 Feb 2025,L1897385,S214823306,N,1
274,7645,species,Snowy Egret,Egretta thula,1,Rocky / Brushy Creek Greenway--North,US-FL,22 Feb 2025,L934698,S214823047,,1
275,34148,species,Palm Warbler,Setophaga palmarum,6,West park,US-FL,22 Feb 2025,L40489716,S214794506,,1
276,33833,species,Brown-headed Cowbird,Molothrus ater,1,West park,US-FL,22 Feb 2025,L40489716,S214794506,,1
277,12819,species,Monk Parakeet,Myiopsitta monachus,1,West park,US-FL,22 Feb 2025,L40489716,S214794506,N,1
278,2031,species,Eurasian Collared-Dove,Streptopelia decaocto,3,West park,US-FL,22 Feb 2025,L40489716,S214794506,N,1
279,33853,species,Common Grackle,Quiscalus quiscula,10,Smithsonian Environmental Research Center,US-MD,19 Feb 2025,L337913,S214460030,,1
280,384,species,Tundra Swan,Cygnus columbianus,2,Smithsonian Environmental Research Center,US-MD,19 Feb 2025,L337913,S214460030,,1
281,700,species,Lesser Scaup,Aythya affinis,1,Lake Artemesia,US-MD,13 Feb 2025,L265951,S213133360,,1
282,7424,species,Double-crested Cormorant,Nannopterum auritum,10,Lake Artemesia,US-MD,08 Feb 2025,L265951,S212485455,,1
283,6064,species,American Woodcock,Scolopax minor,1,Paint Branch Trail (PG County),US-MD,07 Feb 2025,L1179717,S212352511,,1
284,6855,species,Pied-billed Grebe,Podilymbus podiceps,1,Lake Artemesia,US-MD,07 Feb 2025,L265951,S212325387,,1
285,737,species,Black Scoter,Melanitta americana,1,Smithsonian Environmental Research Center,US-MD,03 Feb 2025,L337913,S211870850,,1
286,21294,species,Blue Jay,Cyanocitta cristata,1,Berwyn heights,US-MD,01 Feb 2025,L39253059,S211502665,,1
287,666,species,Canvasback,Aythya valisineria,4,Lake Artemesia,US-MD,01 Feb 2025,L265951,S211499271,,1
288,7815,species,Turkey Vulture,Cathartes aura,1,Difficult Run Stream Valley Park (Georgetown Pike),US-VA,26 Jan 2025,L511213,S210800461,,1
289,762,species,Common Merganser,Mergus merganser,1,Difficult Run Stream Valley Park (Georgetown Pike),US-VA,26 Jan 2025,L511213,S210800461,,1
290,8256,species,Sharp-shinned Hawk,Accipiter striatus,1,Smithsonian Environmental Research Center,US-MD,22 Jan 2025,L337913,S210306822,,1
291,7811,species,Black Vulture,Coragyps atratus,2,Lake Artemesia,US-MD,17 Jan 2025,L265951,S209640706,,1
292,33315,species,Swamp Sparrow,Melospiza georgiana,1,Smithsonian Environmental Research Center,US-MD,16 Jan 2025,L337913,S209518265,,1
293,28126,species,Eastern Bluebird,Sialia sialis,1,Smithsonian Environmental Research Center,US-MD,16 Jan 2025,L337913,S209518265,,1
294,11900,species,Northern Flicker,Colaptes auratus,1,Smithsonian Environmental Research Center,US-MD,16 Jan 2025,L337913,S209518265,,1
295,11427,species,Hairy Woodpecker,Leuconotopicus villosus,1,Smithsonian Environmental Research Center,US-MD,16 Jan 2025,L337913,S209518265,,1
296,11199,species,Red-bellied Woodpecker,Melanerpes carolinus,1,Smithsonian Environmental Research Center,US-MD,16 Jan 2025,L337913,S209518265,,1
297,9219,species,Barred Owl,Strix varia,1,Smithsonian Environmental Research Center,US-MD,15 Jan 2025,L337913,S209429749,,1
298,33095,species,American Tree Sparrow,Spizelloides arborea,1,Lake Artemesia,US-MD,14 Jan 2025,L265951,S209307315,,1
299,5500,species,American Coot,Fulica americana,1,Lake Artemesia,US-MD,14 Jan 2025,L265951,S209307315,,1
300,742,species,Bufflehead,Bucephala albeola,2,Lake Artemesia,US-MD,14 Jan 2025,L265951,S209307315,,1
301,27026,species,Brown Creeper,Certhia americana,1,Lake Artemesia,US-MD,11 Jan 2025,L265951,S208907489,,1
302,778,species,Ruddy Duck,Oxyura jamaicensis,5,Lake Artemesia,US-MD,11 Jan 2025,L265951,S208907489,,1
303,694,species,Greater Scaup,Aythya marila,1,Lake Artemesia,US-MD,11 Jan 2025,L265951,S208907489,,1
304,8506,species,Red-tailed Hawk,Buteo jamaicensis,1,Deitz Park,US-MD,11 Jan 2025,L22875273,S208871356,,1
305,11762,species,Pileated Woodpecker,Dryocopus pileatus,1,Smithsonian Environmental Research Center,US-MD,10 Jan 2025,L337913,S208731885,,1
306,21570,species,Fish Crow,Corvus ossifragus,10,Berwyn heights,US-MD,09 Jan 2025,L39253059,S208639414,,1
307,33277,species,Song Sparrow,Melospiza melodia,10,Lake Artemesia,US-MD,09 Jan 2025,L265951,S208638182,,1
308,27348,species,Carolina Wren,Thryothorus ludovicianus,1,Lake Artemesia,US-MD,09 Jan 2025,L265951,S208638182,,1
309,27295,species,Winter Wren,Troglodytes hiemalis,1,Lake Artemesia,US-MD,09 Jan 2025,L265951,S208638182,,1
310,8278,species,Cooper's Hawk,Astur cooperii,1,Lake Artemesia,US-MD,09 Jan 2025,L265951,S208638182,,1
311,7753,species,Great Blue Heron,Ardea herodias,1,Lake Artemesia,US-MD,09 Jan 2025,L265951,S208638182,,1
312,6521,species,Ring-billed Gull,Larus delawarensis,50,Lake Artemesia,US-MD,09 Jan 2025,L265951,S208638182,,1
313,5827,species,Killdeer,Charadrius vociferus,1,Lake Artemesia,US-MD,09 Jan 2025,L265951,S208638182,,1
314,754,species,Hooded Merganser,Lophodytes cucullatus,20,Lake Artemesia,US-MD,09 Jan 2025,L265951,S208638182,,1
315,673,species,Ring-necked Duck,Aythya collaris,50,Lake Artemesia,US-MD,09 Jan 2025,L265951,S208638182,,1
316,667,species,Redhead,Aythya americana,2,Lake Artemesia,US-MD,09 Jan 2025,L265951,S208638182,,1
317,545,species,Mallard,Anas platyrhynchos,15,Lake Artemesia,US-MD,09 Jan 2025,L265951,S208638182,,1
318,501,species,Northern Shoveler,Spatula clypeata,13,Lake Artemesia,US-MD,09 Jan 2025,L265951,S208638182,,1
319,331,species,Cackling Goose,Branta hutchinsii,,Lake Artemesia,US-MD,09 Jan 2025,L265951,S208638182,,1
320,33201,species,White-throated Sparrow,Zonotrichia albicollis,11,Smithsonian Environmental Research Center,US-MD,08 Jan 2025,L337913,S208526420,,1
321,33124,species,Dark-eyed Junco,Junco hyemalis,1,Smithsonian Environmental Research Center,US-MD,08 Jan 2025,L337913,S208526420,,1
322,28333,species,Hermit Thrush,Catharus guttatus,1,Smithsonian Environmental Research Center,US-MD,08 Jan 2025,L337913,S208526420,,1
323,22060,species,Carolina Chickadee,Poecile carolinensis,2,Smithsonian Environmental Research Center,US-MD,08 Jan 2025,L337913,S208526420,,1
324,11126,species,Yellow-bellied Sapsucker,Sphyrapicus varius,1,Smithsonian Environmental Research Center,US-MD,08 Jan 2025,L337913,S208526420,,1
325,10306,species,Belted Kingfisher,Megaceryle alcyon,1,Smithsonian Environmental Research Center,US-MD,08 Jan 2025,L337913,S208526420,,1
326,31534,species,House Sparrow,Passer domesticus,15,Berwyn heights,US-MD,07 Jan 2025,L39253059,S208418421,N,1
327,28114,species,Northern Mockingbird,Mimus polyglottos,1,Berwyn heights,US-MD,07 Jan 2025,L39253059,S208418421,,1
328,27813,species,European Starling,Sturnus vulgaris,40,Berwyn heights,US-MD,07 Jan 2025,L39253059,S208418421,N,1
329,2412,species,Mourning Dove,Zenaida macroura,1,Berwyn heights,US-MD,07 Jan 2025,L39253059,S208418421,,1
330,34515,species,Northern Cardinal,Cardinalis cardinalis,1,King Philip’s Rock Trails,US-MA,03 Jan 2025,L11123045,S207856640,,1
331,28633,species,American Robin,Turdus migratorius,1,King Philip’s Rock Trails,US-MA,03 Jan 2025,L11123045,S207856640,,1
332,26889,species,White-breasted Nuthatch,Sitta carolinensis,1,King Philip’s Rock Trails,US-MA,03 Jan 2025,L11123045,S207856640,,1
333,22160,species,Tufted Titmouse,Baeolophus bicolor,1,King Philip’s Rock Trails,US-MA,03 Jan 2025,L11123045,S207856640,,1
334,21557,species,American Crow,Corvus brachyrhynchos,8,"6829 Stagg Rd, Sturgeon Bay US-WI 44.82117, -87.42705",US-WI,01 Jan 2025,L39077324,S207550307,,1
335,8909,species,Snowy Owl,Bubo scandiacus,1,"6829 Stagg Rd, Sturgeon Bay US-WI 44.82117, -87.42705",US-WI,01 Jan 2025,L39077324,S207550307,,1
336,6539,species,American Herring Gull,Larus smithsonianus,3,"6829 Stagg Rd, Sturgeon Bay US-WI 44.82117, -87.42705",US-WI,01 Jan 2025,L39077324,S207550307,,1
337,26937,species,Red-breasted Nuthatch,Sitta canadensis,1,Shivering Sands South Loop,US-WI,01 Jan 2025,L28985512,S207519569,,1
338,26848,species,Golden-crowned Kinglet,Regulus satrapa,8,Shivering Sands South Loop,US-WI,01 Jan 2025,L28985512,S207519569,,1
339,22065,species,Black-capped Chickadee,Poecile atricapillus,8,Shivering Sands South Loop,US-WI,01 Jan 2025,L28985512,S207519569,,1
340,11400,species,Downy Woodpecker,Dryobates pubescens,1,Shivering Sands South Loop,US-WI,01 Jan 2025,L28985512,S207519569,,1
341,8367,species,Bald Eagle,Haliaeetus leucocephalus,1,Shivering Sands South Loop,US-WI,01 Jan 2025,L28985512,S207519569,,1
342,342,species,Canada Goose,Branta canadensis,11,Shivering Sands South Loop,US-WI,01 Jan 2025,L28985512,S207519569,,1
41,281,species,Swan Goose,Anser cygnoides,1,Virginia Tech Campus,US-VA,18 May 2025,L718794,S239967522,X,0
260,1620,species,Red Junglefowl,Gallus gallus,1,Centennial Park,US-FL,22 Feb 2025,L19438692,S215033068,X,0
219,34132,slash,Northern/Mangrove Yellow Warbler,Setophaga aestiva/petechia,1,Biomuseo,PA-8,25 Feb 2025,L2251858,S215401157,,0
